customer_id,first_name,last_name,date_of_birth,address_id,customer_typeid
10832,Nyla,Aguirre,2/7/1974,881,1
10983,Unknown,Battle,2/1/1963,958,2
10837,Angelena,Harrington,3/25/1964,86,3
10107,Remona,Glass,9/16/1965,595,1
10553,King,Becker,2/20/1966,969,3
10867,Mathew,Kinney,6/26/1997,866,3
10861,Roderick,Mckee,2/4/1980,604,3
10964,Jewell,Flowers,5/31/1978,700,3
10578,Shizuko,Boyer,8/23/2000,635,3
10148,Avelina,Barker,10/27/1997,28,2
10790,Cliff,Short,1/14/1969,193,3
10125,Amberly,Bowen,1/27/2000,982,2
10233,Nisha,Unknown,9/15/1999,591,1
10234,Eduardo,Goff,11/17/1968,85,1
10961,Audrea,French,3/29/1962,670,1
10671,Sherell,Hamilton,7/14/1996,1041,1
10682,Ambrose,Harrison,6/29/1976,455,1
10533,Rodolfo,Fitzgerald,2/12/1988,634,2
10523,Phil,Clay,11/2/1999,479,3
10131,Quintin,Wheeler,1/21/1976,1201,1
10575,Mel,Hobbs,12/18/1992,143,1
10941,Lamont,Mcgowan,3/16/2000,87,2
10252,Loralee,Dodson,10/13/1988,1058,1
10830,Unknown,Burt,6/29/1992,1169,2
10223,Ray,Farmer,1/11/1998,193,1
10922,Adan,Benton,7/29/1997,841,1
10048,Matthew,Mcclure,1/16/1991,615,2
10001,Sherrell,Barlow,6/7/1969,560,2
10013,Eric,Franks,4/14/1966,849,3
10165,Dominique,Allison,4/28/1984,1176,1
10466,Bruce,Branch,2/11/1988,675,1
10938,Graham,Dalton,5/1/1999,400,1
10641,Gino,Hopkins,11/23/1964,740,2
10222,Verline,Kelley,5/2/1980,699,3
10420,Bruna,Henry,4/17/1964,152,2
10296,Zandra,Delaney,3/4/1988,579,3
10376,Mardell,Nguyen,6/19/1965,1077,1
10987,Rosana,Drake,10/26/1971,1196,3
10133,Eliseo,Cantu,6/11/1977,756,3
10673,Demetrius,Roth,5/20/1994,340,1
11077,Reynalda,Flynn,3/21/1972,920,3
10777,Jacquelynn,Bush,9/19/1997,12,3
10854,Leontine,May,12/7/2000,36,1
10512,Deeann,Spears,1/25/1961,905,2
10045,Yasuko,Greer,11/9/1986,945,1
10066,Calvin,Donaldson,6/24/1967,517,2
11082,Pierre,Cross,9/18/1989,463,3
10816,Riva,Powell,10/2/1972,109,2
11083,Elfreda,Sheppard,4/5/1994,1200,3
10598,Rudy,Lott,11/6/1998,1048,1
10675,Pete,Marks,6/9/1969,304,2
10196,BraEdon,Boone,9/13/1986,500,1
10568,Mirtha,Bowman,5/26/1965,606,2
10748,Glayds,Russo,5/30/1996,620,1
10740,Eleanora,Gates,7/17/1987,655,2
10161,Unknown,Pena,3/23/1975,634,1
10449,Shaun,Arnold,10/7/2000,768,3
10044,Jeanmarie,Fulton,10/8/1976,298,3
10676,Ammie,Mcguire,7/7/1967,331,1
10511,Shaunda,Watkins,1/1/1998,195,3
10759,Reginald,Anthony,2/28/1985,421,1
10425,Suellen,Zimmerman,6/2/1986,956,3
10080,Freeman,Kelly,5/31/1974,97,3
10437,Lincoln,Bartlett,2/22/1978,182,2
10536,Jamie,Swanson,3/30/1996,523,2
10123,Cecille,Spencer,12/5/1993,499,2
10436,Chantell,Schneider,1/3/1993,268,3
10720,Gabriel,Craft,4/23/1984,1083,3
10118,Tonie,Heath,1/14/1993,681,1
10208,Barton,Hart,9/30/1976,251,3
10253,Charita,Farmer,11/28/1999,137,3
10843,Salena,Burton,10/30/1968,77,2
10793,Marinda,David,5/8/1960,375,1
10689,Melita,Beach,6/12/1968,754,1
10755,Damien,Hatfield,12/28/1960,824,2
10384,Mammie,Faulkner,1960-08-27T00:00:00,988,2
10900,Shirleen,Gamble,2/20/1960,962,1
10320,Lavera,Keller,5/20/1989,244,1
10170,Benito,Talley,7/17/1969,335,1
10813,Rasheeda,Holt,2/2/1990,1012,3
10267,Toshia,Reyes,11/10/1973,1196,2
10046,Lilli,Hyde,6/18/1963,364,1
10821,Kathrin,Rocha,8/7/1963,1052,1
10240,Criselda,Hull,8/7/1989,844,1
10875,Kanisha,Houston,8/31/1989,992,2
10819,Shane,Aguirre,11/20/1981,1103,1
10467,Mike,Keith,1/1/1987,595,2
10904,Jason,Cameron,7/7/1973,596,3
10902,The,Lindsey,11/25/1992,480,1
10531,Kurtis,Cardenas,4/21/1964,160,2
10677,Gianna,Day,4/28/1995,1091,3
10991,Nieves,Baird,11/6/1968,233,1
10145,Unknown,Rogers,3/22/1985,869,2
10655,Lurlene,Carver,4/1/1965,931,3
10400,Maryam,Small,9/28/1990,556,2
10580,Val,Romero,11/1/1991,103,3
10209,Eleni,Joyner,8/11/1998,541,2
10639,Mitch,Carver,11/26/1987,99,1
10479,Bernardine,Reeves,2/3/1969,120,3
10849,Dino,Calhoun,12/23/1983,480,2
10401,Hilaria,Rasmussen,1/8/1994,96,3
10668,Edison,Walsh,11/7/1973,727,1
11076,Devorah,Kline,2/14/1996,423,1
10881,Lachelle,Jones,9/1/1998,1104,3
10560,Quentin,Pope,6/10/1993,967,1
10679,Pandora,Cooley,3/31/1969,1018,3
10579,Hong,Carson,3/20/1970,658,1
10311,Vashti,Gross,6/19/1995,28,2
10681,Odell,Estrada,8/3/1989,399,2
10988,Van,Hinton,12/31/1974,69,3
10696,Timothy,Fernandez,9/2/1968,328,1
10072,Bud,Lynch,5/7/1990,1199,3
10495,Harvey,Lindsay,5/22/1997,703,2
10307,Van,Frank,6/10/1990,217,3
10205,Raymond,Booth,5/25/1986,854,1
10038,Juliane,Compton,6/12/1984,194,2
10150,Virgil,Horne,10/18/1982,1148,2
10248,Carmelina,Sykes,8/31/1982,376,2
10478,Wan,Hardin,12/14/1993,621,2
10683,Lane,Love,7/29/1970,677,1
10888,Clay,Duffy,5/25/1961,1169,1
10424,Santos,Atkinson,9/14/1969,502,2
10144,Jospeh,Hodges,8/23/1993,477,1
10684,Lindsey,Henry,1/30/1983,165,1
10626,Johnson,Lawrence,NaT,143,2
10763,Benedict,Roy,11/3/1991,937,3
10539,Arletta,Sykes,7/14/1974,138,1
10337,Jamar,Brooks,8/20/1997,590,2
11031,Van,Rojas,3/22/1971,590,3
10179,Unknown,James,5/9/1972,235,3
10871,Tiffiny,Vinson,5/9/1964,362,2
10855,Kit,Williamson,6/20/1961,1142,1
10130,Wava,Strong,12/14/1987,554,3
10551,Ashley,Mayer,5/13/1995,621,3
10434,Raymundo,Castaneda,7/2/2000,561,1
10572,Demarcus,Hancock,10/27/1978,642,3
10409,Ezekiel,Roth,3/11/1960,193,1
10803,Omar,Vaughn,2/9/1991,850,3
10761,Yuri,Brennan,8/9/1961,707,2
10503,Simon,Nicholson,5/31/1985,1110,1
10968,Melvin,Logan,5/15/1961,775,1
10426,Damion,Compton,7/27/1991,1190,1
10741,Leroy,Clarke,6/17/1962,437,3
10086,Rafael,Buck,5/4/1977,524,1
10093,Jacquelyne,Mcpherson,6/10/1974,1015,2
10468,Earnest,West,3/14/1983,957,1
10926,Verline,Steele,9/5/1982,391,3
10929,Kareem,Schmidt,7/27/1992,451,2
11012,Angelika,Hoover,9/16/1976,901,3
10362,Yessenia,Conner,7/6/1999,704,1
10648,Bradley,Richards,5/19/1977,949,1
10525,Lucio,Unknown,11/13/1967,1060,1
10190,Kareen,Tyson,5/15/1987,325,1
10361,Hanh,Vincent,9/28/2025,29,1
10699,Claudio,Unknown,10/15/1983,614,2
10198,Jamaal,James,8/6/1998,358,2
10140,Eddie,Contreras,7/11/1972,230,2
10332,Salley,Buckner,3/1/1987,1080,3
10069,Vena,Huber,8/17/1989,905,2
10063,Adolfo,Bean,6/12/1968,358,2
11055,Martin,Russo,9/17/1988,116,3
10168,Lonnie,Benson,5/17/1992,916,3
10672,Jaime,Santos,12/5/1999,1010,1
11033,Johanne,Burch,11/10/1988,934,1
11093,Larry,Lewis,8/20/1968,103,3
10149,Elijah,Sweet,11/14/1972,548,1
10373,wrice,Giles,11/23/1982,838,1
10957,Adriene,Slater,12/14/1998,917,2
10588,Dino,Valentine,4/14/1963,674,1
11030,Rudolph,Patton,11/4/1990,571,2
10687,Alex,Blankenship,6/1/1972,919,1
10491,Delora,Richmond,9/13/1990,39,3
10017,Kristopher,Whitaker,1/1/1987,642,1
10004,Natashia,Gillespie,5/27/1985,668,2
10239,Sean,Pope,9/13/1997,896,3
10992,Deon,Kline,12/31/1976,758,1
10656,Genny,Woodard,9/1/2000,1043,1
10937,Wes,Gamble,10/5/1970,1047,1
11006,Deshawn,Unknown,1/20/1973,55,2
10462,Vashti,Baldwin,7/13/1975,530,3
10912,Mariano,Bean,12/10/1976,95,2
10355,Jacquiline,Unknown,9/18/1960,1107,3
10043,Beau,Byrd,5/8/1976,1044,3
10606,Theo,Ashley,7/13/1997,937,1
10827,Romeo,Reed,8/1/1977,15,3
10338,Otelia,Alexander,1/26/1998,1200,1
10778,Madie,Unknown,8/5/1976,371,1
10607,Jesenia,Wade,5/3/1970,637,2
10298,Renetta,Logan,8/8/2000,405,2
10559,Stephen,Hale,5/26/1990,713,2
10142,Xavier,Meyer,8/13/1976,785,2
10364,Dannielle,Bray,9/28/1994,1164,3
10340,Omar,Whitakr,1/15/1996,1183,1
10112,Gene,Lopez,10/1/1992,604,1
10020,Hilde,Kaufman,11/23/1968,1190,2
10949,Boyd,Dickson,2/18/1997,1172,1
10138,Max,Kim,2/22/1963,777,2
10700,Wendolyn,Powers,1/21/2000,564,3
10627,Keenan,Good,2/28/1991,782,1
10226,Thurman,Unknown,NaT,1020,2
10574,August,Lamb,6/9/1996,352,1
10203,Christopher,Randall,5/5/1995,405,2
11066,Warren,Lawrence,11/25/2000,65,3
10075,Cythia,Marshall,6/10/1966,1027,3
10640,Emil,Rocha,6/1/1963,86,3
10713,Gilbert,Bernard,NaT,1139,1
10695,Mirella,Gibson,3/16/1961,158,3
10760,Rolando,Serrano,4/24/1995,651,2
10899,Corliss,Willis,10/1/1969,331,1
10136,Isidro,Melendez,2/3/1984,894,1
10826,Onita,Christensen,1/15/1987,70,3
10105,Lance,Mcleod,4/21/2000,805,2
10852,Chung,Neal,8/6/1991,166,3
10998,Booker,Booth,10/27/1997,1184,2
10658,Emerson,Mathis,8/11/1970,91,2
10764,Willodean,Calhoun,6/9/1992,123,1
10451,Kurtis,Hanson,8/8/1965,625,2
10302,Lexie,Hendrix,3/28/1996,405,1
10624,Valene,Welch,2/23/1969,655,3
10494,Michel,Snider,12/28/1965,1061,2
10986,Hertha,Harmon,11/17/1961,628,3
10359,Loris,Chase,8/31/1970,455,3
11098,Amee,York,2/19/1976,85,2
10907,Carlee,Bradley,10/24/1960,542,1
10785,Cornell,Rosales,7/22/1961,869,1
10877,Londa,Sanchez,4/19/1986,324,2
10256,Leopoldo,Sweney,1/4/1991,1124,2
10331,Lynelle,Dyer,5/22/1990,575,2
10421,Dann,Gilbert,1/8/1986,792,3
11062,Yevette,Fernandez,7/24/1964,298,2
11039,Loren,Becker,8/26/1989,914,1
10773,Marchelle,Sexton,3/14/1972,932,3
10552,Colby,Harmon,4/9/1961,903,2
10842,Sherilyn,Middleton,8/8/1992,354,2
10526,Roman,Mcclain,7/25/1992,1031,2
11081,Sirena,Freeman,3/10/1978,822,3
10317,Michelina,Barber,8/27/1979,1115,3
10334,Zandra,Soto,10/23/1973,50,1
10202,Elizabeth,Tillman,1/7/1977,261,1
10583,Jeff,Rojas,10/11/1971,306,1
11034,Gonzalo,Rocha,10/15/1986,463,3
10268,Yahaira,Landry,4/21/1990,641,1
10040,Nenita,O'connor,7/3/1980,1127,1
10007,Rick,Rollins,11/3/1962,762,1
10329,Gwyn,Schneider,6/28/1995,1132,2
10250,Albertine,Baxter,12/10/1980,976,1
10549,Ray,Phelps,8/5/1977,393,2
10071,Brady,Irwin,8/11/1996,163,1
11067,Nicky,Parrish,3/10/1988,556,3
10113,Gaynelle,Mckee,9/20/1974,130,1
11021,Chanelle,Allen,12/18/1981,98,2
10193,Otha,Heath,10/4/1982,753,2
10056,Murray,Salazar,8/14/1975,509,2
10969,Wenona,Newton,7/19/1982,264,2
10143,Carol,Forbes,7/3/1981,902,1
10970,Deandrea,Mckinney,8/3/1981,60,3
10095,Vernetta,Hooper,5/18/1972,408,1
11019,Brain,Tucker,10/8/1987,665,2
10632,Kenton,Francis,9/8/1998,1209,3
10106,Jenine,Conner,1/5/2000,1180,3
10943,Chang,Mckee,6/9/1963,381,1
10482,Jetta,Vang,7/19/1999,1186,2
10506,Taylor,Barry,3/7/1972,151,1
10537,Ivory,Carter,5/24/1996,145,2
10798,Virgilio,Singleton,7/14/1999,299,3
10351,Valene,Perry,6/18/1967,524,1
10135,Ramiro,Hodge,5/18/1973,1190,1
10914,Tien,Dale,9/13/1983,697,1
10650,Inger,Burt,6/10/1962,3,3
10879,Ivan,Morton,7/13/1996,1035,2
10127,Jamie,Lynn,11/25/1978,325,1
11087,Unknown,Cortez,10/14/1969,63,3
10049,Gema,Mckenzie,9/16/1980,869,1
10882,Latrisha,Maxwell,10/6/2025,520,3
10073,Armanda,Mcguire,7/9/1991,1109,2
10844,Crissy,Mcclain,1/13/1985,359,3
10841,Marty,Berger,12/25/1969,684,2
10435,Teddy,Harmon,6/12/1970,745,3
10653,Faviola,Robertson,NaT,1067,2
10505,Audrie,Juarez,NaT,779,1
10124,Arlinda,Franks,11/6/1970,171,1
10756,Miesha,Thornton,5/28/1975,869,1
10567,Federico,Vaughn,2/13/1982,635,3
10909,Nathanael,Flynn,3/23/1962,900,3
10736,Cindie,Alston,5/24/2000,98,2
10779,Amal,Drake,1/26/1980,595,2
10865,Aurore,Dominguez,9/16/1976,280,1
10724,Shan,Robertson,6/27/1974,413,2
11011,Shanae,Holden,4/19/1976,363,3
11025,Romeo,Huff,11/13/1993,12,2
11008,Albertine,Moore,6/27/1964,558,3
10276,Rachell,Puckett,12/24/1978,1122,2
10175,Chance,Chavez,5/7/1993,1018,3
10402,Jacqulyn,Hansen,9/29/1968,737,1
10933,Anthony,Hurley,12/30/1980,369,3
10993,Rana,Briggs,9/19/1988,1176,2
10139,Lynna,Unknown,07.04.1981,439,1
10828,Zita,Unknown,11/25/1969,54,1
11032,Terina,King,3/1/1971,145,3
11063,Doria,Booth,9/3/1988,220,2
11061,Stuart,Justice,7/27/1966,627,3
10180,Mario,Shepherd,5/3/1975,892,1
10365,Ariel,Parks,7/9/1985,1001,2
10432,Unknown,Morton,8/8/1996,1188,3
11005,Kenneth,Sampson,2/10/1970,328,2
10206,Courtney,Martinez,5/25/1968,506,1
10686,Mellie,Walker,9/22/1978,1022,2
10227,Edison,Mcclain,2/3/1979,531,3
10431,Sima,Cleveland,10/18/1995,327,3
10876,Curtis,Vasquez,10/22/1983,1200,2
10890,Unknown,Warner,2/5/1969,746,3
10739,Bronwyn,Hatfield,11/4/1987,927,3
10963,Dirk,Baldwin,12/16/1973,490,1
10481,Jewell,Richmond,2/25/1961,536,3
11053,Morgan,Terry,7/18/1985,1138,3
10670,Mozella,Bentley,3/6/1977,837,2
10727,Alessandra,Moreno,1/4/1969,818,1
10702,Thresa,Hopkins,9/16/1998,517,2
10024,Nichol,Bullock,4/12/1960,1142,3
10500,Chauncey,Ward,2/11/1970,1062,2
10901,Dong,Charles,1/12/1961,1003,1
10197,Celestina,Mullins,6/18/1987,1093,1
10121,Gary,Berry,8/11/1964,360,3
10039,Jarred,Valentine,7/10/1961,776,3
10006,Fumiko,Case,1/23/1983,623,3
10023,Kayleigh,Hartman,4/20/1978,283,2
10604,Unknown,Boyle,10/18/1965,1149,3
10266,Sadye,Barnes,3/31/1963,230,1
10410,Jean,Albert,4/15/1967,700,2
10283,Pauletta,Whitney,1/5/1991,449,3
10387,Lynetta,Reese,3/24/1968,447,3
11023,Antwan,Mclean,11/19/2000,981,3
10249,Archie,Good,6/29/1998,675,3
10217,Tiesha,West,3/23/1988,209,3
10554,Eloda,Hester,9/8/1965,15,1
10972,My,Herring,9/8/1974,192,3
10547,Dusti,Maldonado,10/3/1996,943,2
10566,Dusty,Guzman,5/13/1999,82,1
10513,Song,Ellis,9/16/1978,983,1
10850,Laine,Montgomery,8/28/1989,1115,3
10151,Sherwood,Kemp,5/25/1997,557,1
10984,Valentine,Spencer,10/11/1960,1075,3
10534,Unknown,Wiggins,10/5/1962,741,3
11086,Kurt,Mack,4/3/1960,759,1
10703,Larry,Hughes,5/24/1971,755,2
10615,Yong,Gentry,4/23/1979,653,3
10735,Jonas,Santiago,1/6/1996,1015,3
10542,Mitch,Fry,9/16/1970,1007,3
10563,Jay,Lyons,5/20/1960,173,2
10603,Harley,Yates,7/25/1994,825,2
10183,Martin,Cox,9/17/1967,670,2
10921,Donovan,Wynn,6/28/1995,542,3
10068,Micha,Salinas,4/14/1995,1183,1
10535,Muoi,Horton,3/7/1966,843,2
10896,Kurt,Dominguez,2/14/1995,927,2
10000,Maybell,Acevedo,12/27/1979,1021,2
10708,Mitsuko,Hatfield,7/22/1968,794,1
10590,Gilberto,Winters,9/23/1988,501,1
10663,Keven,Holden,9/19/1976,815,2
10219,Glayds,Garcia,10/15/1993,408,2
10647,Jerica,Merrill,8/28/2000,1055,2
10393,Bebe,Marquez,3/20/1981,803,1
10316,Katia,Calhoun,9/5/1967,114,1
10753,Kathyrn,Simmons,9/26/1999,510,3
10287,Lorean,Mccarthy,1/22/1995,883,3
10758,Reita,Knowles,11/4/1991,591,1
10934,Danika,Barton,9/28/1994,370,3
10363,Cruz,Sampson,7/13/1997,770,3
10745,Horace,David,2/18/1983,997,3
10962,Jamar,Tyler,8/12/1992,747,3
10412,Trudi,Torres,12/18/1987,79,2
10965,Aracelis,Hubbard,11/3/1978,1049,3
10981,Gil,Rice,1/3/1985,1127,2
10669,Unknown,Keith,2/28/1998,715,1
10159,Tenesha,Skinner,8/10/1960,572,2
10235,Alane,Payne,10/3/1972,891,1
10982,Joella,Francis,7/18/1967,413,1
10415,Lamont,Juarez,4/8/1997,501,3
10589,Elias,Sherman,3/9/2026,185,2
10709,Cristobal,Copeland,2/16/1995,475,3
10920,Kaleigh,Wilkinson,9/20/1967,906,3
10261,Stuart,Rogers,3/17/1973,443,3
10263,Jame,Rodriguez,7/1/1963,643,1
10092,Clemente,Dawson,7/16/1992,405,1
10278,Norberto,Duran,5/9/1991,156,3
10137,Allan,Meadows,4/24/1962,148,2
10936,Albert,Gay,5/6/1981,665,1
10814,Sindy,Schultz,8/1/1978,428,1
10951,Tarah,Rosa,2/27/1962,331,2
10806,Justin,Hicks,9/8/1975,454,2
10388,Luther,Nelson,3/2/1988,549,1
10037,Anthony,Slater,12/1/1986,661,1
10414,Nga,Holt,11/29/1964,133,3
10108,Keenan,WaTters,5/11/1997,269,3
10111,Micha,Herrera,10/9/1993,531,3
11049,Vannessa,Manning,6/7/1967,1093,1
10573,Johnny,Estes,1/19/1995,774,3
10333,Unknown,Rush,7/17/1973,540,3
11073,Beau,Williams,2/15/1994,494,3
10079,Dave,Alvarez,11/29/1981,452,2
10752,Dan,Mayo,4/22/1997,974,3
10059,David,Campbell,5/9/1981,6,2
10177,Nga,Kirby,2/15/1969,430,3
10052,Roseline,O'neill,8/29/1966,863,3
11004,Tyler,Burt,4/30/1977,898,1
10498,Josiah,Russell,5/10/1967,750,1
10452,Cleotilde,Griffith,8/3/1962,747,2
10460,Sherly,Spears,11/18/1985,627,1
10439,Larraine,Estes,5/22/1979,798,1
10448,Sana,Patrick,2/3/1984,1073,1
10931,Unknown,Gill,5/27/1965,600,3
10379,Blondell,Britt,5/28/1984,683,2
10657,Eddie,Hayes,9/29/1995,1127,3
11041,Teodoro,Unknown,8/7/1979,433,2
10290,Gus,Holman,12/2/1966,797,1
10464,Loyce,Prince,8/3/1991,423,3
10070,Augustus,Patrick,4/17/1988,434,1
10413,Alejandrina,Church,5/5/1990,149,1
10633,Cherryl,Stephens,4/3/1979,571,3
10515,Eloy,Chaney,NaT,373,3
10782,Kimberli,Dunn,12/28/1963,42,3
10242,Jean,Richards,9/23/1981,69,2
10221,Kasey,Berger,12/3/1961,132,1
10734,Melita,Leach,10/26/1981,746,1
10928,Joshua,Hanson,12/18/1978,695,1
10955,Allena,Sears,1/25/1971,272,3
10085,Jeffrey,Willis,6/4/1993,59,2
10815,Eduardo,Keith,10/6/1963,411,2
10277,Douglas,Schultz,2/2/1997,87,3
10550,Sacha,Peters,11/14/1989,692,3
10767,Noah,Simpson,10/21/1981,432,3
10213,Jerrell,Morton,6/29/1998,674,1
10002,Romeo,Unknown,3/30/1985,392,1
10754,Lane,Rice,10/7/1967,78,3
10275,Noma,Chang,8/4/1977,748,2
10245,Harold,Pope,1/1/1965,994,3
10230,Janita,Lucas,9/9/1967,578,3
10407,Mozell,Trujillo,2/19/1996,210,2
10514,Nevada,Justice,9/12/1986,1018,1
10989,Lindsay,Booker,12/7/1992,334,2
11001,Inocencia,Flowers,1/7/1983,747,1
10892,Faustino,Ford,10/31/1975,471,3
10508,Jamee,Richmond,5/24/1961,580,3
10303,Mora,Palmer,2/1/1979,620,2
10878,Douglas,Schwartz,10/14/1975,109,2
11047,Babara,Mclean,11/19/1961,456,3
10097,Kallie,Travis,3/15/1981,649,3
10980,Unknown,Tucker,5/9/1971,423,2
10335,Brandon,Mayo,10/14/1963,381,2
10795,Damion,Montgomery,7/8/1987,950,1
10194,Malka,Pitts,5/7/1987,1200,3
10153,Duane,Haley,9/5/1983,195,3
10074,Margorie,Wiley,4/4/1992,222,3
10630,Jospeh,Hill,7/23/1964,255,2
11094,Tai,Delaney,12/4/1981,1168,1
10126,Jere,Wynn,7/28/1981,1170,1
10771,Darron,Cardenas,1/29/1990,499,2
10214,Jonie,Price,10/28/1986,1103,3
10082,Nickole,Harvey,7/25/1980,630,2
10977,Armando,Parks,1/13/1967,769,1
10166,Alfred,Mcgee,3/6/1994,467,3
10158,Andre,Barron,2/20/1971,149,3
10744,Chi,Jensen,5/31/1967,782,2
10286,Herbert,Stein,3/7/1970,161,2
10156,Albert,Gordon,7/16/1983,608,1
10662,Armand,Wallace,3/19/1963,965,3
10959,Larisa,Salas,2/3/1964,160,3
10058,Alexis,Goodwin,12/12/1964,409,1
11002,Bryan,Unknown,NaT,534,3
11040,Arlette,Carpenter,8/13/1966,826,2
10308,Ricarda,Bond,7/28/1991,712,3
10631,Eddy,Tran,11/25/1969,906,2
11016,Royce,Cook,2/23/1994,15,3
10269,Raleigh,Price,3/16/1977,1177,3
10470,Joline,Simpson,12/13/1999,422,3
10189,Ula,Bupns,NaT,603,3
10954,Gregorio,Nolan,9/30/1977,964,3
10697,Paul,Munoz,1/4/1975,1032,2
10824,Margarito,Woodard,4/26/1979,237,1
10377,Magaly,Mccullough,NaT,333,2
10325,Ted,Walton,8/30/1961,499,2
10328,Laverna,Hernandez,6/18/1966,619,3
10254,Nubia,Kane,8/20/1986,389,2
10545,Marquitta,Velasquez,9/1/1975,1053,2
10942,Viki,Dotson,10/5/1972,785,1
10690,Emerita,Villarreal,NaT,59,3
10485,Leana,Fitzgerald,6/17/1982,61,1
10510,Suzi,Page,8/30/1994,940,3
11051,Sherman,Macdonald,10/9/1966,904,3
10516,Keva,Mcneil,11/30/1989,766,2
10979,Hermine,Mcmahon,7/4/1986,1001,1
10343,Javier,Hurst,12/22/2000,573,1
10978,An,Gibbs,11/13/1971,1115,1
10486,Ethelene,Skinner,12/29/1990,385,3
10570,Michale,Duffy,9/11/1966,683,1
10054,Shon,Farrell,1/9/1965,871,3
10654,Claribel,Clayton,11/10/1993,466,1
10786,Pamella,Hernandez,2/5/1993,1168,1
10716,Mikaela,Weber,3/4/1980,1015,2
10862,Royal,Burris,12/6/1999,525,1
10031,Rozanne,Bradford,11/19/1977,256,2
10717,Jacelyn,Sloan,9/8/1988,215,2
10705,Johna,Trujillo,6/21/2000,536,3
10558,Xochitl,Sandoval,1/23/1992,1185,2
10973,Shane,Burnett,6/26/1965,937,3
11018,Katherina,Woods,11/14/1980,29,3
10772,Mariko,Mcknight,6/19/1997,626,3
10932,Clorinda,Saunders,12/16/1975,324,1
10950,Kermit,Sherman,6/12/1996,361,2
10314,Lynwood,Chambers,7/9/1972,1165,2
10880,Catherina,Cantu,5/27/1961,393,3
10674,Lashaun,Love,9/15/1970,656,3
10022,Jorge,Todd,3/17/1960,825,1
10218,Garry,Walker,9/5/1974,1102,1
10169,Delena,Mathews,6/18/1975,280,2
10192,Trey,Rivers,3/21/2000,447,3
10908,Deedra,Dudley,11/29/1969,336,1
10634,Lekisha,Silva,5/18/1988,1152,2
10851,Tyron,Workman,7/10/1977,348,1
10731,Shaneka,Stout,1/28/1977,88,2
10375,Will,Daugherty,10/20/1978,294,2
10893,Roosevelt,Wilkinson,5/10/1995,654,3
10348,Malisa,Mcneil,2/7/1972,358,2
10557,Loyd,Baird,2/4/1963,47,2
10797,Thomas,Rocha,NaT,732,3
10948,Emeline,Levy,2/13/1976,844,3
10617,Jeannetta,Mercado,7/4/1983,774,3
10884,Fredricka,Mercado,1/24/1993,393,1
10011,Vernon,Wade,4/2/1969,282,2
10749,Ayako,Sweet,9/10/1991,1177,2
10210,Annamaria,Delaney,4/1/1986,1101,1
11044,Chang,Atkinson,3/20/1992,566,1
10060,Teisha,Watson,5/31/1972,61,3
10608,Val,Lyons,7/14/1980,261,1
11091,Hang,Henderson,7/17/1984,540,3
10184,Tinisha,Velez,7/30/1963,774,2
10661,Marcelo,Mosley,8/4/1968,161,2
10768,Ling,Savage,11/8/1986,777,2
10625,Laurice,Shannon,9/19/1983,1134,1
10225,Britt,Hamilton,7/9/1973,328,1
10186,Petrina,Buckner,9/24/1982,742,2
10026,Long,Aguilar,7/5/1968,746,2
11015,Barrett,Wise,10/3/1969,335,1
10391,Cammy,Melton,4/3/1981,916,1
10787,Darrick,Adkins,5/4/1993,477,2
10897,Yessenia,Charles,9/1/1975,131,2
10612,Eli,Welch,9/4/1982,356,3
10463,Carl,Rogers,7/6/1979,1062,3
10309,Jaymie,Harvey,9/6/1988,859,1
10958,Tawny,Holder,1/13/1967,1061,2
10946,Cleopatra,Rocha,4/10/1998,66,2
10061,Mickey,Austin,9/2/1973,349,1
11096,Lenard,Banks,2/6/1972,503,3
10344,Weston,Benson,4/1/1974,103,3
10012,Deedra,Keith,8/28/1970,76,2
10636,Buster,Peters,3/18/1980,459,2
10710,Michel,Wall,9/12/1982,831,2
10728,Linn,Everett,6/22/1977,957,3
10810,Mauro,Quinn,9/10/1993,1143,2
10246,Carmelo,Moses,5/9/1996,997,1
11072,Murray,Irwin,7/25/1999,977,2
10995,Edwardo,Kane,9/5/1973,934,2
10780,Timothy,Barnett,7/7/2000,1006,3
10288,Kaila,Woods,4/18/1978,730,1
10885,Delorse,Briggs,6/10/1972,428,1
10055,Coletta,Wong,5/7/1990,279,1
10327,Lashawna,Medina,NaT,869,3
11099,Mammie,Carr,10/4/1998,156,1
10895,Marya,Robertson,10/15/1995,923,3
10264,Sheldon,Koch,12/8/1971,520,1
10015,Alonso,Huffman,1/30/1972,829,2
10083,Ronald,Burks,2/10/1960,244,1
11013,Irwin,Lindsey,10/14/1997,1032,3
11084,Miki,Combs,6/27/1967,308,3
10465,Sharika,Gegory,11/12/1987,967,2
10398,Grover,Curtis,8/24/1997,340,3
10350,Scott,Dunlap,9/2/1991,831,3
10357,Tyree,Rojas,9/3/1993,330,2
10927,Clark,Stuart,8/21/1960,229,2
10323,Alaine,Russell,10/31/1964,643,3
10306,aanny,Cleveland,12/6/1991,380,3
10935,Mel,Humphrey,8/8/1971,616,3
10887,Samuel,Frost,10/1/1963,822,3
10260,Celinda,Dillon,1/6/1991,1071,3
10543,Faustina,Irwin,6/10/1979,966,1
10721,Kit,Bowman,2/13/2000,361,2
10310,Sunday,Shannon,5/25/1980,210,3
10637,Oswaldo,Pruitt,1/21/1988,871,1
10521,Sandy,Mayer,8/17/1994,1032,2
10035,Dierdre,Bird,4/10/1962,965,3
10711,Shona,Snow,12/8/1965,307,1
10016,Jarvis,Ratliff,1/10/1991,412,1
10873,Mika,Young,10/16/1976,838,2
10157,Soo,Frazier,7/23/1966,1099,2
10146,Armando,Guzman,8/13/1982,830,1
10501,Galina,Mathis,11/4/1988,1061,1
10750,Willis,Haney,3/17/1989,169,1
10289,Brice,Lowe,2/6/1989,951,3
10115,Dione,Avila,8/11/1981,233,1
10919,Tiffiny,Dunn,8/2/1998,833,2
10528,Joannie,Knight,7/13/1996,475,1
10930,Sal,Ingram,3/31/1970,698,3
10147,Vincenzo,Snyder,4/21/1996,717,2
10591,Alonzo,Miller,8/11/1975,788,2
10212,Elwood,Rogers,2/29/1984,589,1
10967,Unknown,Benton,2/27/1999,820,2
10762,Rocco,Moses,6/9/1981,719,3
11017,Mitchel,Cook,9/13/1978,1088,3
10258,Francis,Mitchell,1/29/2000,958,1
10438,Calandra,Branch,6/12/2000,867,3
10185,Neely,Barron,8/9/1988,853,3
10291,Kareem,Peterson,4/18/1989,713,3
10352,Cher,Cooke,9/10/1977,38,2
10386,Brendan,Reid,3/22/2000,1005,1
10324,Burma,Roy,7/27/1966,1172,2
10872,Lucilla,Browning,4/27/1989,684,1
10489,Joan,Aguirre,4/11/1961,200,1
10374,Leo,Burke,7/6/2026,775,1
10441,Brendan,Bridges,8/17/1990,227,3
11090,Codi,Nunez,2/24/1982,867,2
10757,Danae,Shannon,11/21/1964,208,1
10586,Troy,Hatfield,11/2/1976,1011,2
11080,Sang,Bailey,10/26/1986,216,3
10132,Jerrell,Buckley,3/19/1986,790,1
10804,Arden,Hebert,6/16/1987,477,2
10845,Rosy,Price,4/4/1962,435,2
10835,Marketta,Bush,10/1/1995,1087,1
10645,Lavonia,Blankenship,10/29/1992,816,1
10403,Shakita,House,7/14/1986,1113,1
10629,Hector,Austin,3/7/1984,346,2
10618,Sonny,Sellers,2/21/1976,746,2
10751,Kory,Collins,9/5/1961,6,3
10378,Maryetta,York,3/13/1977,542,1
10996,Fausto,Aguirre,3/27/1984,453,1
10366,Burma,Wells,11/22/1993,93,3
10646,Hedy,Knapp,5/28/1990,997,3
10807,Theresia,Valenzuela,12/10/1984,263,1
10883,Tijuana,Lynn,9/3/1984,982,3
10050,Matthew,Love,7/12/1985,638,2
10051,Georgiann,Robinson,2/5/1962,974,2
10766,Anisha,Delacruz,10/9/1969,91,3
10614,Daron,Huffman,3/25/1970,1185,2
10370,Austin,Pate,11/1/1966,1087,3
10312,Amira,Keith,3/25/1962,754,2
10635,Carter,Vasquez,3/21/1988,324,1
10008,Gregg,Stephens,5/17/1996,597,1
10271,Elvis,Conrad,5/25/1987,233,3
10839,Herta,Roberson,12/25/1974,714,3
10774,Lenna,Workman,12/29/1987,550,1
10207,Shirley,Palmer,2/3/1988,474,2
10497,Dexter,Wilkins,1/30/1982,1016,2
10461,Norah,Duncan,9/10/1991,640,3
10471,Merrilee,Contreras,11/28/1984,212,1
10665,Jewell,Ballard,4/26/1987,767,1
10733,Keith,Ferguson,7/11/1967,310,3
10913,Barrett,Brown,8/24/1965,902,2
10300,Ivory,Patterson,7/4/1970,927,2
10354,Brian,Holcomb,2/21/1992,529,3
11010,Elliott,Moran,3/20/1969,616,1
10649,Lakeesha,Patton,6/25/1990,1151,2
10274,Tonette,Montgomery,5/31/1988,581,2
10397,Micah,Estrada,2/22/1961,63,2
10747,Aldo,Mann,5/23/1975,608,3
10103,Elza,Whitehead,3/18/1965,229,3
10078,Lisbeth,Townsend,12/28/1977,304,1
10356,Laveta,Livingston,4/26/1977,424,2
10820,Bennett,Moody,9/25/1982,545,3
10569,Madalyn,Perkins,10/29/2025,64,1
10940,Minna,Mccall,5/13/1964,1208,2
11022,Gaston,Reed,10/26/1993,982,3
10201,Kizzie,Dyer,6/11/1978,511,2
10110,Teodora,Ellis,6/25/1976,1130,2
10746,Giovanni,Jarvis,3/22/1995,48,3
10562,Renetta,Deleon,NaT,313,3
10582,Milton,Powell,12/19/1964,934,1
10600,Genevive,Knapp,5/4/1990,1106,1
10062,Antonina,Barber,4/1/1993,996,2
10174,Mathew,Chandler,7/23/1985,32,3
10047,Lucius,Marks,10/13/1974,601,1
10065,Shea,Park,1/17/1969,153,3
10833,Ignacio,Curtis,11/4/1985,202,3
10089,Barrett,Fischer,11/29/1987,31,3
10638,Tommy,Holland,5/2/1963,902,2
10585,Lashaunda,2aller,3/27/1976,573,2
11050,Sharee,Golden,11/2/1991,108,1
10029,Maile,Harper,8/1/1966,989,2
10255,Raleigh,Randolph,11/6/1966,839,1
10336,Rana,Lee,1/12/1967,240,2
10802,Necole,Rich,4/11/1984,708,3
10339,Andrea,Park,4/20/1994,934,2
10729,CarCy,Nichols,NaT,878,3
10602,Kristofer,Anderson,11/12/1979,1138,2
10098,Bobbie,Underwood,11/1/1970,976,1
10476,Ruben,Graves,3/22/1961,471,2
10273,Reuben,Donovan,11/20/1978,1178,2
10726,Ernest,Gibbs,6/4/1990,657,3
11088,Anjanette,Harper,9/22/1973,931,3
10530,Louanne,Crosby,9/27/1969,425,2
10698,Darron,Montgomery,3/27/1961,869,2
10644,Kasi,Frazier,10/27/1999,575,3
10975,Les,Juarez,7/18/1992,1056,2
10330,Joya,Dotson,10/1/1995,1033,2
10831,Tyler,Bean,4/23/1981,110,2
11085,Rayford,May,7/14/1985,1035,1
10322,Alaine,Knox,9/1/1998,530,1
11038,Jacquelynn,Cobb,9/4/1984,862,2
10034,Kimbery,Sherman,2/24/1980,1056,2
10442,Quinn,Herman,5/7/1984,497,1
10215,Eugenio,Peters,1/7/2026,582,3
10994,Chang,Delgado,10/23/1962,392,2
10224,Kandra,Harmon,7/31/1966,533,1
10619,Solomon,Vasquez,11/24/1973,1134,1
10518,Apolonia,Prince,3/26/1981,476,3
10620,Grisel,Wallace,4/9/1978,288,3
10087,Drew,Moran,10/8/1989,642,2
10944,Annika,Beard,11/12/1961,910,3
10945,Cleveland,Valenzuela,9/21/1985,1050,1
10947,Eloy,Baldwin,1/16/1988,178,1
11042,Emery,Lindsey,5/23/1965,1161,3
11020,Yan,Maddox,NaT,1181,3
10540,Taina,Camacho,1962-15-01,362,2
10788,Sherly,Meyer,8/10/1966,1208,2
10096,Paris,Gomez,7/31/1988,860,3
10916,Nery,Harding,NaT,899,3
10109,Isidro,Wells,6/23/1978,411,2
10345,Otha,Hurley,8/18/1991,799,2
10228,Christian,Guerra,7/5/1963,16,2
11014,Fermin,Ashley,1/30/1960,55,1
10924,Johnette,Shannon,5/25/1960,868,3
10396,Jessia,Woods,11/8/1998,774,3
10691,Tamekia,Forbes,4/8/1966,792,3
10456,Heath,Owens,11/8/1970,235,2
10952,Tarah,Meadows,4/15/1979,1164,3
10808,Karine,Pacheco,2/13/1960,188,2
10191,Duncan,Pearson,7/10/1994,310,3
10178,Isis,Hart,NaT,530,1
10599,Leigh,Avery,1974-31-01,1121,2
10084,Anibal,Andrews,12/2/1961,680,2
10678,Gary,Chase,1/19/1998,236,1
10272,Vern,Haley,4/3/1974,29,3
10129,Jere,Bridges,8/30/1982,210,2
10923,Hank,Wong,3/11/1977,983,3
11057,Herb,Ryan,9/12/1971,952,3
10459,Trinity,Mcintyre,10/20/1987,984,3
10423,Grover,Hansen,9/12/1971,991,3
10519,Kera,Larsen,9/24/1991,313,1
10220,Layla,Pate,8/27/1963,364,2
10769,Johnie,Pate,1/26/1985,215,3
10383,Zandra,Davenport,5/21/1985,1042,1
10237,Woodrow,Bowman,6/21/1977,1150,2
10917,Desmond,Davidson,10/7/1967,250,3
10033,Tandy,Schwartz,3/21/1965,464,1
10997,Mila,Espinoza,5/5/1961,206,3
10493,Francis,Dean,9/22/1992,261,3
10232,Lexie,Burns,5/5/1993,999,2
11045,Sherill,Spears,1/6/1998,962,3
10032,Domonique,Davis,3/15/1987,887,1
10555,Sueann,White,NaT,489,1
10172,Jacquelynn,Gates,6/1/1968,382,3
10685,Florentina,PEte,4/25/1987,330,3
10028,Arica,Burris,1/30/1960,362,3
10577,Terrence,Richmond,6/13/1965,943,3
10918,Jacelyn,Middleton,1/8/1992,405,1
10117,Jaime,Austin,9/24/1987,978,3
10187,Odelia,Wright,3/24/1976,776,1
10642,Garland,Farmer,6/16/1985,500,2
10597,Robin,O'connor,10/16/1973,641,1
10971,Bernard,Acosta,5/27/1997,1007,3
10664,Julian,Vazquez,12/12/1986,574,1
10385,Unknown,Scott,6/22/1993,485,1
10427,Lino,Mcconnell,3/21/1972,594,3
10458,Belkis,Trevino,5/13/1994,832,2
10251,Wilmer,Rios,4/11/1970,772,3
10064,Clelia,Blackwell,12/24/1971,47,2
10009,Clark,Unknown,9/7/1999,728,2
10836,Avery,Gould,3/10/1965,139,2
10490,Jackie,Norman,1/4/1972,718,2
10313,Vito,Baxter,10/6/1971,770,3
10990,Sang,Carr,8/6/1982,282,3
10805,Hal,Unknown,4/25/1982,1057,2
10985,Meda,Dunn,12/24/1967,866,1
10053,Antonio,Bullock,5/16/1997,847,3
10279,Tiny,Garcia,10/13/1985,1208,3
10419,Hollis,Martinez,4/15/1969,180,1
10342,Jerrod,Lamb,8/9/1980,892,1
10484,Theresia,Jefferson,9/24/1962,496,2
10167,Gaynelle,Herman,9/23/1967,1029,3
10593,Beckie,Simon,7/29/1988,401,1
10704,Katheleen,Cooley,4/22/1960,629,2
10259,Rossie,Blair,11/5/1998,930,3
10443,Unknown,Unknown,6/9/1972,944,2
10475,Shea,Rosales,8/16/1983,1153,3
10906,Lindsay,Contreras,12/24/1997,154,3
11035,Bo,Le,10/19/1983,57,2
10532,Branden,Floyd,3/29/2026,1077,2
10960,Cecila,Wheeler,1/12/1966,400,3
10784,Prince,Hamilton,10/9/1963,703,3
10565,Gertrud,Brown,10/12/1993,828,3
10243,Kirby,Molina,3/15/1969,328,3
10863,China,Farrell,9/21/1960,972,3
10381,Rhona,Benson,11/16/1961,1032,2
10090,Drew,Hoffman,10/10/1966,925,1
10660,Wilhemina,Mckinney,12/17/1968,671,1
10652,Rory,Burris,6/24/1988,836,3
10722,Van,Rodriquez,9/16/1967,5,3
11069,Shani,Klein,2/14/1971,585,3
10898,Isreal,Hull,1/27/1975,36,1
10454,Mickie,Mercado,12/5/1998,1017,3
10404,Delmer,Fernandez,12/10/1979,559,3
10738,Shaquita,Pruitt,1/10/1994,884,2
10499,Chante,Navarro,8/27/1989,210,3
10693,Frank,Campos,3/25/1979,96,2
10507,Latoria,Mendez,3/30/1979,247,1
10094,Nida,Wright,2/20/1974,1090,2
10812,Latashia,Higgins,3/27/1987,56,3
10229,Myles,Watson,5/18/1971,545,3
10483,Cassey,Roach,5/13/1997,543,3
10077,Dario,Campbell,4/16/1964,12,2
10541,Zulema,Powell,3/24/1967,207,2
10737,Zackary,Warner,11/10/1972,905,1
10520,Adah,Grimes,11/17/1992,408,1
11060,Damion,Mueller,10/13/1967,998,1
10304,Joshua,Cline,3/16/2000,878,1
10953,Shane,Silva,12/12/1973,197,3
11078,Somer,Gibson,6/12/2000,945,2
10956,Elanor,Lloyd,9/22/1989,22,2
10390,Bud,Reid,1/21/1993,1197,3
10154,Unknown,Waters,9/7/1973,699,3
10622,Tambra,PresVon,12/10/1990,283,2
10347,Randell,Castaneda,6/7/1998,280,2
10775,Evita,Rutledge,8/26/1983,1169,2
10030,Sulema,Ross,10/9/1995,719,3
10122,Felipe,Munoz,11/27/1988,975,3
10211,Cordell,Cooley,2/12/2000,1136,3
10036,Garland,Berry,6/19/1985,154,3
10743,Seymour,Malone,12/5/1990,38,1
10561,Magen,Hansen,9/18/1962,251,3
10584,Kimiko,Griffith,6/22/1961,91,3
10281,Marylyn,Nichols,9/5/1963,269,2
11095,Angelena,Collier,2/6/1986,269,1
10666,Geraldo,Dale,6/15/1998,880,3
10594,Joaquin,Riddle,11/5/1972,604,3
10925,Minh,Horne,10/31/1966,1110,2
10858,Sherwood,Finch,12/25/1999,116,1
10455,Verlie,Garrett,12/28/1965,276,2
10859,Apolonia,Valencia,8/4/1970,395,1
10042,Lynn,Reynolds,4/24/1962,281,2
10301,Alexander,Buchanan,3/16/1967,803,2
10800,Rosendo,Roman,10/11/1980,1067,1
10847,Denyse,Snider,10/22/1989,461,2
10688,Man,Jenkins,1/27/1981,1129,1
10504,Victor,Barry,3/14/1960,928,1
10292,Cyrus,Garcia,4/22/1978,750,1
10081,Sherman,Buck,11/1/1998,292,3
10610,Olen,Compton,12/27/1987,289,3
10846,Long,Parsons,9/1/1969,303,3
10999,Von,Villarreal,9/23/1963,304,1
10358,Jacquelyne,Bowman,10/15/1977,974,1
10891,Bryanna,Hendrix,4/26/1987,1077,3
10295,Santo,Pugh,11/14/2000,250,3
10712,Boyd,Reyes,3/7/1987,889,2
10027,Dario,Fletcher,1/5/1983,1117,1
10659,Theressa,Bailey,01.18.1960,812,3
10392,Christena,CaMrillo,10/10/1967,1025,2
10706,Shawnda,Summers,4/26/1986,231,3
10799,Colton,Mack,4/7/1990,1161,3
10564,Amal,Duran,7/22/1968,1052,3
10128,Lexie,Mckinney,12/5/2025,946,1
10488,Dagny,Chapman,8/26/1980,935,2
10742,Victor,Eaton,4/14/1976,392,2
10346,Cruz,May,10/31/1989,891,2
10444,Suk,Hewitt,10/10/1982,540,1
10860,Jess,Griffin,8/11/1973,360,2
10447,Marketta,Jacobs,10/15/1966,128,1
10134,Shemika,Pena,8/31/1982,291,3
11024,Apryl,Short,10/22/1965,47,3
10701,Eufemia,Martinez,6/26/1978,740,3
10005,Orlando,Valencia,1/6/1962,641,1
10529,Drew,Whitley,1/6/1973,490,1
10238,Kermit,Harris,9/4/1979,148,2
10974,Santiago,Burton,3/30/1999,1143,3
10707,Fransisca,Barker,11/16/1983,980,1
10714,Rachal,Cervantes,1/20/1968,1205,1
10874,Dorthey,Ashley,12/13/1979,381,2
10162,Silva,Riggs,1/1/1992,728,1
10811,Santos,Drake,6/17/1963,63,3
10389,Francie,Daugherty,4/25/1986,703,2
10911,Emil,Cotton,11/7/1969,327,2
10440,Deshawn,Gutierrez,6/16/1967,1108,3
11000,Marylyn,Henry,5/3/1968,673,2
10176,Maisha,Wilkins,2/4/1977,289,2
11079,Michel,Briggs,3/13/1969,71,3
10102,Unknown,Potts,12/25/1977,292,3
10628,Fredda,Morrison,9/7/1983,633,2
10723,Harlan,Baldwin,NaT,892,2
10473,Shay,Kane,11/8/1991,282,2
10848,Nguyet,Sutton,6/6/1984,667,1
10822,Blondell,Wolf,6/28/1972,1202,3
10041,Boyd,Mays,2/26/1990,1055,3
10480,Lavera,Woodard,3/4/1994,1,2
10517,Latrisha,Sosa,4/6/1975,719,2
10857,Rich,Woodward,4/10/1968,640,2
10492,Velvet,Knowles,2/25/1991,980,2
10680,Audria,Larsen,11/7/1989,301,1
10025,Breann,Reeves,1/16/1980,878,2
10430,Jamika,Cole,12/26/1981,212,2
11007,Bob,Shepard,7/23/1961,890,3
10367,Jama,Gilmore,4/3/1968,263,3
11026,Wynell,Myers,12/21/1981,320,1
10469,Tanna,Willis,5/2/1969,185,1
10418,Jae,Bowman,7/13/1965,741,1
10801,Carey,Unknown,10/5/1973,630,1
10548,Merilyn,Daugherty,5/23/1976,705,1
10829,Mac,Booker,12/7/1960,1115,2
10556,Arcelia,Harding,4/15/1987,672,2
10601,Jamey,Hendrix,1/14/1993,1087,1
10818,Nikole,Garza,1/31/1990,161,3
10856,Don,Bird,8/30/1991,1176,1
10067,Shyla,Unknown,8/11/1962,1079,2
10487,Roscoe,Carlson,4/18/1962,134,1
10315,Iesha,Sampson,10/30/1975,690,2
10368,Duncan,Bowers,8/11/1986,128,1
10817,Ming,Dennis,8/27/1962,265,1
11065,Despina,Heath,4/28/1999,1095,1
10474,Roscoe,Hayden,NaT,186,2
11054,Tandra,Rosales,7/2/1993,550,2
11059,Unknown,Lawrence,12/3/1994,2,1
10171,Lou,Zamora,6/29/1978,806,3
11003,Lauran,Mcmillan,6/1/1983,1210,1
10809,Tonette,Cobb,2/20/1964,982,2
10099,Georgiann,Whitnker,8/10/1963,762,3
10428,Raphael,Lewis,9/13/1966,1163,2
10457,Louanne,Hodge,9/13/2000,146,1
10868,Kimberlie,Harmon,12/7/1971,155,2
10349,Quentin,Dalton,10/4/1985,1023,3
11048,Lavona,Mooney,6/30/1966,15,1
10546,Freeman,Black,10/6/1965,1074,3
10270,Jene,Mcintosh,6/2/1970,844,1
10319,Yee,Garcia,12/1/1974,1204,3
10732,Mao,Walls,5/23/1979,806,2
10160,Chun,Sparks,1/2/1966,923,2
10104,Unknown,Curry,12/19/1968,824,1
10173,Hassie,Gregory,4/22/1962,820,3
10326,Tatyana,Morrison,6/3/1981,798,1
10509,Fernando,Ortega,1/6/1972,730,2
10021,Weldon,FultoD,4/20/1990,689,3
10247,Neil,Adkins,10/2/1977,737,1
11058,Terry,Harmon,10/1/1997,240,1
10538,Russell,Massey,1/9/1994,46,3
10592,Lester,Wright,10/5/1997,961,2
10834,Felton,Hamilton,4/23/1993,988,2
10791,Thresa,Levine,10/11/1978,819,2
10621,Christene,Chambers,10/21/1989,28,3
10164,Kalyn,Davidson,2/27/1977,1145,1
10417,Florencia,Abbott,5/14/1998,31,3
10285,Myung,Shields,7/17/1964,548,3
10667,Rudy,Waller,1/2/1984,322,1
10823,Cecil,Dillard,4/29/1993,359,1
11070,Clyde,Bird,6/8/2026,691,3
10789,Livia,Carroll,7/21/1998,115,1
10770,Tawna,Hess,1/10/1996,1146,2
10236,Mertie,Mccray,5/19/1971,79,1
10382,Mitch,Brady,1/27/1960,477,2
10838,Phylicia,Charles,10/25/1999,584,1
10730,Gonzalo,Vaughn,7/23/1983,707,1
10719,Dakota,Palmer,8/2/1969,745,2
10155,Harris,Dillon,8/8/1976,480,2
10305,Londa,Mcdaniel,6/16/1970,562,3
10091,William,Nieves,5/22/1970,420,3
10433,Sherlene,Walker,5/11/1970,532,2
10399,Ariel,Levine,6/4/1969,902,1
10394,Valentine,Griffith,12/25/1963,1024,3
10453,Jeremiah,Terrell,12/3/1975,153,2
10765,Junior,Witt,7/9/1992,870,1
10869,Glenn,Glenn,11/20/1992,662,2
10522,Thersa,Myers,12/6/1974,622,2
10915,Natisha,Mccarthy,11/8/1968,968,3
10840,Marvin,Santiago,2/8/1971,397,3
10903,Cecille,Lewis,3/21/1981,409,2
10244,Ara,Miller,10/6/1975,458,2
10181,Rosenda,Bartlett,9/19/1976,374,2
10406,Enrique,Burgess,10/17/1967,73,1
10405,Huey,Middleton,6/1/1973,165,3
10692,Denae,Richmond,9/22/1992,1064,1
11009,Shane,Daniels,6/6/1973,881,3
10894,Gaston,Chavez,11/30/1968,805,2
10353,Loren,Day,5/10/1983,913,2
10715,Preston,Shepard,3/4/1962,442,3
10609,Carli,Sampson,4/22/1963,138,1
10866,Glen,Barton,5/2/1998,805,2
10019,Rey,Anthony,5/27/1966,291,3
10853,Demetrius,Diaz,9/20/1977,371,1
10408,Dean,Huffman,1/15/1962,715,1
10889,Mack,Edwards,11/29/2000,267,3
10651,Kathern,Silva,4/17/1963,784,3
10204,Lenna,Terrell,8/31/1997,5,1
10114,Jacqulyn,Jarvis,8/26/1972,701,3
10905,Shavon,Barron,6/18/1984,1012,3
10781,Olin,Foster,2/28/1965,681,2
10018,Augustus,Pennington,3/2/1985,589,1
10870,Raleigh,Nelson,5/12/1961,1193,2
10524,Darn,Arnold,4/24/1968,55,3
10188,Rozanne,Frye,10/2/1972,275,1
10718,Wilbert,Gallagher,8/28/1969,227,3
10576,Bryant,Blake,10/5/1960,32,1
10088,Lizzette,Skinner,8/31/1962,9,3
10450,Lisbeth,Buchanan,9/20/1967,271,2
10939,Cliff,Gonzalez,4/16/1989,340,3
10341,Horacio,Hays,1/31/1980,144,3
10280,Reginald,Buck,10/8/1976,1019,3
11074,Lovella,Knowles,11/26/1960,513,3
10163,Sherwood,Douglas,10/19/1966,284,2
10100,Clora,Unknown,9/16/1966,691,1
10195,Marcelino,Unknown,4/3/1967,817,2
10284,Janessa,Watson,8/3/1994,580,1
10496,Unknown,Christian,2/3/1987,1185,2
10371,Carmelina,Hull,5/7/1991,734,3
10265,Myung,Bean,12/29/1981,1077,1
10003,Marcelo,Everett,1/4/1990,930,3
10010,Violette,Dejesus,12/26/1978,525,3
10395,Azalee,Hooper,3/12/1963,511,2
11068,Alvin,Roberts,5/25/1984,923,1
10886,Deane,Bauer,11/21/1970,427,3
10502,Dion,Nelson,6/8/1996,509,1
10199,Yen,Kim,4/12/1993,685,1
10282,Billie,Yates,4/3/1987,6,2
10411,Jeni,Romero,7/1/1977,990,3
10595,Wyatt,Mack,7/7/1991,875,2
11036,Harlan,Caldwell,11/13/1977,107,2
10587,Sage,Walsh,3/11/1990,189,1
10725,Jaleesa,Cole,5/16/1980,58,1
10299,Avery,Floyd,10/4/1999,129,1
10262,Stacy,Spence,9/12/1967,992,3
10581,Carline,Sosa,5/19/1989,1170,2
10966,Sunni,Faulkner,6/8/1988,988,3
10141,Elicia,Shaw,6/22/1980,362,3
10416,Johnathan,Yates,2/4/1976,409,1
10231,Ching,Hoffman,4/21/1960,403,3
10544,Johnny,Clayton,10/25/2000,594,3
11075,Normand,Blair,5/5/1996,1124,2
10318,Fletcher,Stanton,7/6/1979,551,3
10372,Marhta,Keith,5/12/1964,934,1
11027,Hayden,Gardner,6/27/1964,1010,3
11092,Thanh,Acevedo,6/30/1976,1085,3
11097,Karma,Potts,12/8/1969,274,2
10616,Isadora,Mckee,4/14/2026,322,2
10794,Jolie,Perkins,2/8/1961,484,2
11056,Hobert,Howell,10/2/1984,1039,3
10294,Anjanette,Unknown,2/27/1979,675,1
10477,Allegra,Vinson,4/7/1970,1153,1
11037,Sherwood,Parker,5/2/1970,155,3
10825,Hugh,Mills,7/3/1974,857,3
10369,Florencia,Hale,6/12/1963,253,3
10527,Steffanie,Vang,1/28/1995,652,1
10776,Jarrett,Dillard,8/28/1990,579,2
10101,Hector,Calhoun,6/1/1960,653,2
10182,Alfonso,Pennington,NaT,343,1
10380,Malik,Graham,1/23/1969,71,2
10293,Oretha,Sullivan,2/11/1967,833,2
10571,Marcellus,Gilliam,2/24/2000,119,1
10596,Lorriane,Flowers,11/7/1995,457,3
11029,Vance,Spencer,12/19/1995,181,2
10792,Lilliana,Gardner,3/15/1974,793,3
11052,Perry,Chang,6/7/1977,977,3
10321,Mack,Goodwin,9/18/1989,246,3
10200,Kathey,Reilly,1/31/1971,272,3
10216,Seymour,Byers,NaT,290,2
10119,Donetta,Heath,10/16/1989,512,1
10976,Regena,Atkinson,2/26/1980,834,1
11064,Emmy,Peterson,5/20/1983,991,1
10241,Major,Ingram,5/19/1972,67,1
10694,Gaylord,Pratt,11/6/1966,415,2
10910,Chi,Navarro,8/4/1960,987,3
10623,Arianna,Carr,7/13/1979,40,1
10152,Samual,Winters,12/3/1998,690,1
11046,Young,Holder,3/10/1984,648,2
10429,Marth,Huffman,11/22/1967,743,1
10120,Libbie,Hurley,8/26/1978,242,3
10422,Klara,Robles,4/14/1970,618,3
10864,Conception,Hopper,10/5/1975,733,1
11028,Cory,Trujillo,10/11/1987,1195,3
10014,Syreeta,Unknown,9/18/1969,517,3
10445,Kallie,Mclaughlin,6/4/1999,180,1
10297,Alec,Trevino,2/27/1960,911,2
10076,Thad,Bates,12/15/1986,1182,3
10613,Stanley,Lewis,3/31/1966,567,3
11089,Deedee,Sullivan,11/4/1976,313,2
10472,Cristobal,Lowery,10/12/1981,68,3
10446,Clifford,Moore,3/30/1961,400,1
11043,Melodee,Marquez,7/30/1976,762,3
10057,Alysa,Baldwin,5/17/1986,100,3
10796,Johanne,Powers,7/19/1971,158,1
10643,Carylon,Meyers,4/2/1968,222,2
10611,Nathanael,Middleton,12/17/1975,520,1
10783,Grover,Brennan,6/18/1984,774,1
10360,Sheldon,Vang,9/9/1976,235,3
11071,Adam,Unknown,12/19/1980,391,3
10605,Eugene,Navarro,12/2/1997,401,3
10257,Lad,Castro,10/31/1979,1180,3
10116,Rebecka,Petty,7/11/1973,234,2
